Algorithm,MSE
LLE,0.16030456736903897
HLLE,0.15739590170586554
Manifold Sculpting,0.12970792203767176
Isomap,0.017484303347301517
