,Isomap,LLE,HLLE,Manifold Sculpting
250,0.08790946716882952,0.20133052480908287,0.17158516425533119,0.13203413046921308
353,0.15868040378312967,0.17830457608092004,0.16106576878402826,0.2920363373231047
500,0.34258204903687056,0.2595410334623493,0.16281082370569966,0.17890657464948723
707,0.0006245386889062405,0.18938797015083222,0.00047877689158553965,0.13946874151273012
1000,0.1650438895151202,0.17901042396657696,0.16402636527518955,0.29202800294228703
1414,0.1652664590237746,0.158008706761532,0.16642196807229892,0.004551675449063395
