,Manifold Sculpting,Isomap,LLE,HLLE
20,0.14294125815876202,0.007077198050957838,0.1496394030750279,0.007907449634827281
30,0.14530528821129496,0.007142321793150815,0.016192780180858336,0.17158269911978752
40,0.16292282780552297,0.10035197387341256,0.15476323565177438,0.030045406834815505
57,0.13519360217884777,0.10544975930542104,0.07137603271946884,0.15719833829553906
80,0.2602086193347176,0.15101811398964698,0.11815298740468469,0.16809865445286715
