,Isomap,LLE,HLLE,Manifold Sculpting
10,0.20566309778376385,0.20180514041301312,0.20123242366147176,0.17814368173682044
20,0.04933651505771183,0.15944274771814732,0.2352682440887187,0.22394492344036904
30,0.048798312644509144,0.25259292205744055,0.23237123399077556,0.23107219141113003
40,0.04856038096989548,0.14520365840953592,0.2044206059506543,0.06251864676922003
57,0.18933074893154656,0.1546059027751642,0.24684822277779894,0.04936056022337767
75,0.1955827727262403,0.12348900292246706,0.24875334161461157,0.05997422439341337
